Current_Month,Prev_Month,Sales_Change,Sales_Change_Pct,Customer_Contribution,Customer_Contrib_Pct,AvgTicket_Contribution,AvgTicket_Contrib_Pct,Cross_Contribution,Cross_Contrib_Pct
2015-05,2015-04,-8774989,-4.433628936250177,-8085808.736248533,92.14608401501738,-689180.263751445,7.853915984982374,29355.15705594888,-0.3345321236978061
2015-06,2015-05,18219476,9.632600516843533,13593295.54139741,74.60859764242073,4626180.458602604,25.391402357579352,310180.0780277746,1.7024643191043176
2015-07,2015-06,4959243,2.3915713408076167,5831996.639248813,117.59852540496225,-872753.6392488278,-17.59852540496257,-23874.328507246784,-0.48141074166454
