SchoolHoliday,Holiday_Label,Current_Month,Prev_Month,Sales_Change,Total_Sales_Change,Contribution_Pct
0,非学校假期,2015-05,2015-04,28158190,-8774989.0,-320.89145638815046
0,非学校假期,2015-06,2015-05,18334509,18219476.0,100.63137381118975
0,非学校假期,2015-07,2015-06,-74682383,4959243.0,-1505.9230410770354
1,学校假期,2015-05,2015-04,-36933179,-8774989.0,420.8914563881504
1,学校假期,2015-06,2015-05,-115033,18219476.0,-0.63137381118974
1,学校假期,2015-07,2015-06,79641626,4959243.0,1605.9230410770354
