YearMonth,Sales,Customers,Open,Sales_MoM_Change,Sales_MoM_Change_Pct,Customers_MoM_Change,Customers_MoM_Change_Pct,AvgTicket,AvgTicket_MoM_Change,AvgTicket_MoM_Change_Pct
2015-04,197918886,21053991,26931,,,,,9.400540068626418,,
2015-05,189143897,20193848,25880,-8774989.0,-4.433628936250178,-860143.0,-4.085415444511209,9.366411839883117,-0.03412822874330068,-0.36304540477627434
2015-06,207363373,21645129,28423,18219476.0,9.632600516843537,1451281.0,7.186748162113532,9.580140317020057,0.21372847713693943,2.2818607679288894
2015-07,212322616,22253888,30188,4959243.0,2.391571340807608,608759.0,2.812452630797435,9.540922287377379,-0.03921802964267762,-0.4093680086606155
