Promo,Promo_Label,Current_Month,Prev_Month,Sales_Change,Total_Sales_Change,Contribution_Pct
0,无促销,2015-05,2015-04,9748368,-8774989.0,-111.09265208195703
0,无促销,2015-06,2015-05,-5961593,18219476.0,-32.72099043902251
0,无促销,2015-07,2015-06,1036210,4959243.0,20.894519586961156
1,有促销,2015-05,2015-04,-18523357,-8774989.0,211.09265208195703
1,有促销,2015-06,2015-05,24181069,18219476.0,132.7209904390225
1,有促销,2015-07,2015-06,3923033,4959243.0,79.10548041303885
